<?xml version="1.0"?>
<pagescount>
	<html_total>6</html_total>
	<html_done>1</html_done>
	<images/>
	<script>7</script>
	<css>1</css>
	<pdf/>
	<documents/>
	<excel/>
	<powerpoint/>
	<flash/>
	<audios/>
	<videos/>
	<xml/>
	<json/>
	<txt/>
	<autocad/>
	<model_3d/>
	<fonts>103</fonts>
	<scraping_reload>1</scraping_reload>
	<is_pretty_url>false</is_pretty_url>
	<has_trailing_slash>false</has_trailing_slash>
	<is_ebn>false</is_ebn>
	<email>wdo@waybackmachinedownloader.com</email>
	<theme_name>WmdTheme1033697</theme_name>
	<server_url_front_page>https://www6.waybackmachinedownloader.com/wdo/files/demo/ceylonaero.webflow.io_wdo_waybackmachinedownloader.com_s7cquof3lh/</server_url_front_page>
	<no_www_url>ceylonaero.webflow.io</no_www_url>
	<hosted_domain/>
	<original_archive_url>https://ceylonaero.webflow.io/</original_archive_url>
	<final_archive_url>https://ceylonaero.webflow.io/</final_archive_url>
	<front_page_code_date/>
	<total_urls_from_api/>
	<max_reached_live>false</max_reached_live>
	<scrape_other_captures>false</scrape_other_captures>
	<action/>
	<current_scraping_url/>
	<total_size>3992</total_size>
</pagescount>
